Store ID,Store Name,Business ID,Merchant Store ID,Transactions Start Local Date,Transactions End Local Date,Currency,Subtotal,Subtotal Tax Passed by DoorDash to Merchant,Commission,Commission Tax,Drive Charge,Marketing Fees (for historical reference only) | (All discounts and fees),Marketing Fee Tax (for historical reference only) | (Taxes on any applicable marketing fees),Total Tips,Error Charges,Adjustments | (for historical reference only),Total Before Adjustments,Credit,Debit,Estimated Payout,Tax Remitted by DoorDash to State,Subtotal for tax,DoorDash Funded Subtotal Discount Amount | (for historical reference only),Merchant Funded Subtotal Discount Amount | (for historical reference only),Merchant funded loyalty discount amount,External Gift Card Credit Amount,Consumer Delivery Fee,Consumer Service Fee,Consumer Small Order Fee,Consumer Legislative Fee,Consumer Tip,Snap Ebt Discount,Tax Remitted by DoorDash on Fees DoorDash Charges to Merchant,Other Merchant Fee,Bottle Deposit Fee,Bottle Deposit Fee Tax,Discounts,Printer Fee,Tablet Fee,Payment Processing Fee,Delivery Order Fee,Pickup Order Fee,Staff Tip,Customer Discounts from Marketing | (Funded by You),Customer Discounts from Marketing | (Funded by DoorDash),Customer Discounts from Marketing | (Funded by a Third-party),Marketing Fees | (Including any applicable taxes),DoorDash Marketing Credit,Third-party Contribution,Adjustments
27964,Old Town,2324,AZ104,2025-10-13,2025-10-19,USD,6363.27,472.97,563.79,0.00,0.00,431.26,0.00,55.20,8.58,-10.00,5511.79,5510.37,8.58,5501.79,0.00,5911.28,45.18,352.06,10.00,0.00,0.00,0.00,0.00,0.00,0.00,0.00,0.00,0.00,0.00,0.00,-89.93,0.00,0.00,122.76,0.00,0.00,55.20,-352.06,-45.18,0.00,-242.53,45.18,0.00,-10.00
27965,N 87th Street,2324,AZ081,2025-10-13,2025-10-19,USD,3571.78,260.15,353.54,0.00,0.00,258.32,0.00,71.25,3.87,-50.00,3104.14,3058.10,3.96,3054.14,0.00,3251.98,5.72,206.84,50.00,0.00,0.00,0.00,0.00,0.00,0.00,0.00,0.00,0.00,0.00,0.00,-62.96,0.00,0.00,62.89,0.00,0.00,71.25,-206.84,-5.72,0.00,-108.94,5.72,0.00,-50.00
75721,North Town Center,2324,NV041,2025-10-13,2025-10-19,USD,3991.86,0.00,204.10,0.00,0.00,31.47,0.00,111.97,11.59,-36.10,3669.50,3645.29,11.89,3633.40,317.09,3863.27,8.99,25.53,36.10,0.00,0.00,0.00,0.00,0.00,0.00,0.00,0.00,0.00,0.00,0.00,-60.96,0.00,0.00,120.21,0.00,0.00,111.97,-25.53,-8.99,0.00,-11.94,8.99,0.00,-36.10
75722,West Cheyenne Ave,2324,NV021,2025-10-13,2025-10-19,USD,4762.24,0.00,259.45,0.00,0.00,90.42,0.00,121.46,9.48,-144.27,4300.20,4165.41,9.48,4155.93,368.95,4478.40,10.69,72.92,144.27,0.00,0.00,0.00,0.00,0.00,0.00,0.00,0.00,0.00,0.00,0.00,-58.95,0.00,0.00,129.20,0.00,0.00,121.46,-72.92,-10.69,0.00,-53.50,10.69,0.00,-144.27
75723,Santa Fe Station,2324,NV075,2025-10-13,2025-10-19,USD,1529.06,0.00,219.71,0.00,0.00,68.37,0.00,9.16,0.00,0.00,1186.01,1186.01,0.00,1186.01,118.89,1446.62,9.95,55.50,0.00,0.00,0.00,0.00,0.00,0.00,0.00,0.00,0.00,0.00,0.00,0.00,-16.99,0.00,0.00,17.14,0.00,0.00,9.16,-55.50,-9.95,0.00,-42.87,9.95,0.00,0.00
75724,West Azure,2324,NV043,2025-10-13,2025-10-19,USD,2856.16,0.00,78.40,0.00,0.00,30.08,0.00,126.87,0.00,-22.00,2721.82,2735.16,35.34,2699.82,226.60,2751.05,15.00,34.14,22.00,0.00,0.00,0.00,0.00,0.00,0.00,0.00,0.00,0.00,0.00,0.00,-43.97,0.00,0.00,93.76,0.00,0.00,126.87,-24.14,-15.00,0.00,-20.94,15.00,0.00,-22.00
75725,Aliante Casino,2324,NV055,2025-10-13,2025-10-19,USD,1684.72,0.00,222.26,0.00,0.00,72.60,0.00,14.28,23.85,-10.49,1317.48,1331.14,24.15,1306.99,129.90,1572.45,8.08,59.73,10.49,0.00,0.00,0.00,0.00,0.00,0.00,0.00,0.00,0.00,0.00,0.00,-33.97,0.00,0.00,19.84,0.00,0.00,14.28,-59.73,-8.08,0.00,-21.87,8.08,0.00,-10.49
75726,Nature Park Drive,2324,NV126,2025-10-13,2025-10-19,USD,3674.04,0.00,146.06,0.00,0.00,54.34,0.00,174.64,0.00,-54.00,3447.89,3393.89,0.00,3393.89,288.59,3515.63,2.99,43.45,54.00,0.00,0.00,0.00,0.00,0.00,0.00,0.00,0.00,0.00,0.00,0.00,-60.96,0.00,0.00,118.43,0.00,0.00,174.64,-43.45,-2.99,0.00,-31.89,2.99,0.00,-54.00
75727,West Craig Road,2324,NV031,2025-10-13,2025-10-19,USD,3327.15,0.00,242.65,0.00,0.00,76.08,0.00,93.24,14.69,-25.95,2969.39,2958.43,14.99,2943.44,266.95,3212.47,12.50,61.23,25.95,0.00,0.00,0.00,0.00,0.00,0.00,0.00,0.00,0.00,0.00,0.00,-15.00,0.00,0.00,84.58,0.00,0.00,93.24,-61.23,-12.50,0.00,-32.85,12.50,0.00,-25.95
75730,S Fort Apache,2324,NV035,2025-10-13,2025-10-19,USD,5512.99,0.00,319.94,0.00,0.00,73.53,0.00,153.56,33.93,-47.24,5042.59,5029.58,34.23,4995.35,441.21,5383.59,2.99,59.67,47.24,0.00,0.00,0.00,0.00,0.00,0.00,0.00,0.00,0.00,0.00,0.00,-22.49,0.00,0.00,153.07,0.00,0.00,153.56,-59.67,-2.99,0.00,-34.86,2.99,0.00,-47.24
75731,West Flamingo Road,2324,NV023,2025-10-13,2025-10-19,USD,2573.95,0.00,214.58,0.00,0.00,84.37,0.00,103.53,0.00,-44.99,2282.74,2237.75,0.00,2237.75,201.51,2429.08,19.35,67.54,44.99,0.00,0.00,0.00,0.00,0.00,0.00,0.00,0.00,0.00,0.00,0.00,-12.99,0.00,0.00,52.80,0.00,0.00,103.53,-67.54,-19.35,0.00,-46.83,19.35,0.00,-44.99
75732,South Rainbow,2324,NV049,2025-10-13,2025-10-19,USD,4289.55,0.00,260.95,0.00,0.00,76.91,0.00,112.36,14.87,0.00,3893.15,3908.02,14.87,3893.15,344.48,4183.02,0.00,62.06,0.00,0.00,0.00,0.00,0.00,0.00,0.00,0.00,0.00,0.00,0.00,0.00,-44.47,0.00,0.00,111.56,0.00,0.00,112.36,-62.06,0.00,0.00,-14.85,0.00,0.00,0.00
75734,Paradise Road,2324,NV028,2025-10-13,2025-10-19,USD,7866.57,0.00,570.70,0.00,0.00,203.09,0.00,52.04,163.25,-11.15,6713.75,6866.15,163.55,6702.60,626.65,7595.13,19.54,166.46,16.99,0.00,0.00,0.00,0.00,0.00,0.00,0.00,0.00,0.00,0.00,0.00,-73.45,0.00,0.00,176.37,0.00,0.00,52.04,-166.46,-19.54,0.00,-54.63,19.54,0.00,-11.15
75735,Sahara & Las Vegas,2324,8,2025-10-13,2025-10-19,USD,4499.46,0.00,293.73,0.00,0.00,85.98,0.00,157.81,38.59,0.00,4028.39,4066.98,38.59,4028.39,356.44,4353.38,0.00,69.15,0.00,0.00,0.00,0.00,0.00,0.00,0.00,0.00,0.00,0.00,0.00,0.00,-76.93,0.00,0.00,115.65,0.00,0.00,157.81,-69.15,0.00,0.00,-34.83,0.00,0.00,0.00
75736,Downtown Summerlin,2324,NV121,2025-10-13,2025-10-19,USD,3298.99,0.00,162.76,0.00,0.00,18.69,0.00,168.47,3.30,-83.43,3146.14,3069.01,6.30,3062.71,257.59,3140.83,50.00,14.73,83.43,0.00,0.00,0.00,0.00,0.00,0.00,0.00,0.00,0.00,0.00,0.00,-10.00,0.00,3.00,99.57,0.00,0.00,168.47,-14.73,-50.00,0.00,-27.96,50.00,0.00,-83.43
75737,Red Rock Casino,2324,NV044,2025-10-13,2025-10-19,USD,1789.21,0.00,209.53,0.00,0.00,65.21,0.00,47.56,0.00,-17.48,1478.83,1461.65,0.30,1461.35,137.13,1675.43,5.00,53.33,17.48,0.00,0.00,0.00,0.00,0.00,0.00,0.00,0.00,0.00,0.00,0.00,-37.97,0.00,0.00,27.23,0.00,0.00,47.56,-53.33,-5.00,0.00,-29.88,5.00,0.00,-17.48
75738,W Blue Diamond Rd,2324,NV058,2025-10-13,2025-10-19,USD,1862.40,0.00,128.65,0.00,0.00,19.34,0.00,104.27,21.99,-12.00,1654.01,1664.00,21.99,1642.01,141.87,1757.09,0.00,15.38,12.00,0.00,0.00,0.00,0.00,0.00,0.00,0.00,0.00,0.00,0.00,0.00,-77.93,0.00,0.00,49.75,0.00,0.00,104.27,-15.38,0.00,0.00,-18.96,0.00,0.00,-12.00
75739,East Craig Road,2324,NV111,2025-10-13,2025-10-19,USD,3952.59,0.00,374.12,0.00,0.00,96.46,0.00,53.19,6.98,-72.99,3360.93,3294.92,6.98,3287.94,304.29,3695.46,52.54,78.64,72.99,0.00,0.00,0.00,0.00,0.00,0.00,0.00,0.00,0.00,0.00,0.00,-52.96,0.00,0.00,81.33,0.00,0.00,53.19,-78.64,-52.54,0.00,-50.82,52.54,0.00,-72.99
75741,South Sandhill Rd,2324,NV024,2025-10-13,2025-10-19,USD,2443.29,0.00,170.03,0.00,0.00,55.17,0.00,92.51,0.00,-27.99,2209.07,2200.79,19.71,2181.08,192.78,2320.52,9.99,45.27,42.52,0.00,0.00,0.00,0.00,0.00,0.00,0.00,0.00,0.00,0.00,0.00,-27.98,0.00,0.00,64.55,0.00,0.00,92.51,-45.27,-9.99,0.00,-18.90,9.99,0.00,-27.99
75744,South Eastern Ave,2324,NV026,2025-10-13,2025-10-19,USD,2662.34,0.00,105.75,0.00,0.00,13.33,0.00,114.02,4.80,-22.00,2563.00,2545.80,4.80,2541.00,214.56,2620.19,9.79,10.36,22.00,0.00,0.00,0.00,0.00,0.00,0.00,0.00,0.00,0.00,0.00,0.00,0.00,0.00,0.00,83.48,0.00,0.00,114.02,-10.36,-9.79,0.00,-8.97,9.79,0.00,-22.00
75746,E Silverado Ranch,2324,NV036,2025-10-13,2025-10-19,USD,2176.96,0.00,154.08,0.00,0.00,38.86,0.00,75.08,26.38,-3.81,1909.37,1931.94,26.38,1905.56,169.46,2058.57,2.99,30.94,32.99,25.00,0.00,0.00,0.00,0.00,0.00,0.00,0.00,0.00,0.00,0.00,-54.46,0.00,0.00,53.89,0.00,0.00,75.08,-30.94,-2.99,0.00,-22.92,2.99,0.00,-3.81
75749,GVR Casino,2324,NV062,2025-10-13,2025-10-19,USD,3559.64,0.00,359.59,0.00,0.00,124.01,0.00,66.89,60.01,-32.29,2987.19,3014.91,60.01,2954.90,279.75,3404.59,0.00,97.28,32.29,0.00,0.00,0.00,0.00,0.00,0.00,0.00,0.00,0.00,0.00,0.00,-25.48,0.00,0.00,64.25,0.00,0.00,66.89,-97.28,0.00,0.00,-32.73,0.00,0.00,-32.29
75750,Anthem,2324,NV034,2025-10-13,2025-10-19,USD,4772.77,0.00,242.85,0.00,0.00,81.49,0.00,252.26,13.79,-12.99,4474.35,4475.15,13.79,4461.36,384.08,4639.63,11.98,62.68,12.99,0.00,0.00,0.00,0.00,0.00,0.00,0.00,0.00,0.00,0.00,0.00,-51.47,0.00,0.00,134.08,0.00,0.00,252.26,-62.68,-11.98,0.00,-45.81,11.98,0.00,-12.99
75751,Stephanie St,2324,NV040,2025-10-13,2025-10-19,USD,3197.16,0.00,266.04,0.00,0.00,128.74,0.00,105.82,41.91,-28.00,2743.69,2757.60,41.91,2715.69,247.24,3015.37,10.29,100.03,28.00,0.00,0.00,0.00,0.00,0.00,0.00,0.00,0.00,0.00,0.00,0.00,-43.47,0.00,0.00,70.13,0.00,0.00,105.82,-100.03,-10.29,0.00,-37.71,10.29,0.00,-28.00
75752,North Boulder Hwy,2324,NV103,2025-10-13,2025-10-19,USD,3688.17,0.00,284.95,0.00,0.00,154.37,0.00,107.18,36.69,-11.24,3166.62,3192.07,36.69,3155.38,288.66,3491.98,10.00,121.70,22.01,0.00,0.00,0.00,0.00,0.00,0.00,0.00,0.00,0.00,0.00,0.00,-42.48,0.00,0.00,86.24,0.00,0.00,107.18,-121.70,-10.00,0.00,-56.67,10.00,0.00,-11.24
75753,Horizon Ridge,2324,NV051,2025-10-13,2025-10-19,USD,3902.90,0.00,150.56,0.00,0.00,74.73,0.00,137.52,25.89,-49.42,3549.52,3526.29,26.19,3500.10,302.11,3692.18,0.00,59.88,49.42,0.00,0.00,0.00,0.00,0.00,0.00,0.00,0.00,0.00,0.00,0.00,-101.42,0.00,0.00,126.30,0.00,0.00,137.52,-59.88,0.00,0.00,-26.85,0.00,0.00,-49.42
75754,Nevada Way,2324,NV048,2025-10-13,2025-10-19,USD,1969.94,0.00,154.60,0.00,0.00,26.10,0.00,51.27,0.00,-62.28,1712.86,1650.58,0.00,1650.58,150.96,1834.05,0.00,20.16,62.28,0.00,0.00,0.00,0.00,0.00,0.00,0.00,0.00,0.00,0.00,0.00,-53.45,0.00,0.00,47.20,0.00,0.00,51.27,-20.16,0.00,0.00,-32.94,0.00,0.00,-62.28
75755,Nellis Blvd,2324,NV056,2025-10-13,2025-10-19,USD,2891.10,0.00,208.12,0.00,0.00,69.06,0.00,69.95,22.15,-14.99,2509.37,2516.53,22.15,2494.38,226.29,2755.47,0.00,56.19,14.99,0.00,0.00,0.00,0.00,0.00,0.00,0.00,0.00,0.00,0.00,0.00,-64.45,0.00,0.00,69.90,0.00,0.00,69.95,-56.19,0.00,0.00,-30.87,0.00,0.00,-14.99
126177,Dana Park - Mesa,2324,AZ071,2025-10-13,2025-10-19,USD,5045.28,401.54,503.10,0.00,0.00,128.42,0.00,100.70,0.00,11.09,4703.26,4752.49,38.14,4714.35,0.00,4838.18,8.00,104.66,32.49,0.00,0.00,0.00,0.00,0.00,0.00,0.00,0.00,0.00,0.00,0.00,-69.95,0.00,0.00,97.79,0.00,0.00,100.70,-104.66,-8.00,0.00,-68.76,8.00,0.00,11.09
128721,Townpark Lane,2324,GA141,2025-10-13,2025-10-19,USD,3903.71,0.00,413.52,0.00,0.00,346.29,0.00,42.47,56.06,-77.18,2920.79,2899.67,56.06,2843.61,200.25,3393.98,7.00,317.58,88.42,0.00,0.00,0.00,0.00,0.00,0.00,0.00,0.00,0.00,0.00,0.00,-96.73,0.00,0.00,61.79,0.00,0.00,42.47,-317.58,-7.00,0.00,-79.71,7.00,0.00,-77.18
178087,Oso Blanca Rd,2324,NV139,2025-10-13,2025-10-19,USD,6210.39,0.00,466.92,0.00,0.00,129.14,0.00,183.23,27.08,-106.90,5464.10,5384.28,27.08,5357.20,485.00,5911.06,2.99,104.39,106.90,0.00,0.00,0.00,0.00,0.00,0.00,0.00,0.00,0.00,0.00,0.00,-88.04,0.00,0.00,155.34,0.00,0.00,183.23,-104.39,-2.99,0.00,-87.75,2.99,0.00,-106.90
184537,East 82nd St,2324,IN144,2025-10-13,2025-10-19,USD,5689.91,0.00,758.07,0.00,0.00,154.82,0.00,51.26,19.88,-23.76,4555.40,4551.82,20.18,4531.64,482.01,5367.91,50.90,122.15,42.43,0.00,0.00,0.00,0.00,0.00,0.00,0.00,0.00,0.00,0.00,0.00,-109.51,0.00,0.00,74.49,0.00,0.00,51.26,-122.15,-50.90,0.00,-101.67,50.90,0.00,-23.76
321047,Terrace Center,2324,UT155,2025-10-13,2025-10-19,USD,3350.04,262.79,364.17,0.00,0.00,203.88,0.00,62.83,5.57,-5.98,2969.35,2968.94,5.57,2963.37,0.00,3124.28,5.46,159.33,5.98,0.00,0.00,0.00,0.00,0.00,0.00,0.00,0.00,0.00,0.00,0.00,-60.45,0.00,0.00,48.24,0.00,0.00,62.83,-159.33,-5.46,0.00,-68.55,5.46,0.00,-5.98
333447,Blue Diamond Road,2324,NV142,2025-10-13,2025-10-19,USD,3056.51,0.00,207.97,0.00,0.00,74.11,0.00,76.43,15.95,-31.49,2690.58,2675.04,15.95,2659.09,241.44,2922.30,0.00,60.25,31.49,0.00,0.00,0.00,0.00,0.00,0.00,0.00,0.00,0.00,0.00,0.00,-42.47,0.00,0.00,80.86,0.00,0.00,76.43,-60.25,0.00,0.00,-34.86,0.00,0.00,-31.49
388423,Cheyenne and 215,2324,NV147,2025-10-13,2025-10-19,USD,3408.13,0.00,188.90,0.00,0.00,50.27,0.00,151.45,72.59,-14.99,3050.08,3175.62,140.53,3035.09,270.92,3264.81,5.00,40.37,14.99,0.00,0.00,0.00,0.00,0.00,0.00,0.00,0.00,0.00,0.00,0.00,-87.96,0.00,0.00,106.78,0.00,0.00,151.45,-40.37,-5.00,0.00,-12.90,5.00,0.00,-14.99
390888,Lantana Drive,2324,DE130,2025-10-13,2025-10-19,USD,9769.96,0.00,498.04,0.00,0.00,217.63,0.00,344.96,39.86,-84.00,9055.32,9011.18,39.86,8971.32,0.00,9518.04,9.00,168.13,64.00,20.00,0.00,0.00,0.00,0.00,0.00,0.00,0.00,0.00,0.00,0.00,-19.79,0.00,0.00,269.28,0.00,0.00,344.96,-168.13,-9.00,0.00,-64.50,9.00,0.00,-84.00
390889,Kirkwood Hwy,2324,DE018,2025-10-13,2025-10-19,USD,8397.30,0.00,602.75,0.00,0.00,160.59,0.00,269.11,4.47,-83.29,7553.67,7474.85,4.47,7470.38,0.00,8076.71,35.32,131.88,83.29,0.00,0.00,0.00,0.00,0.00,0.00,0.00,0.00,0.00,0.00,0.00,-105.42,0.00,0.00,197.51,0.00,0.00,269.11,-131.88,-35.32,0.00,-70.71,35.32,0.00,-83.29
390890,Newark,2324,DE003,2025-10-13,2025-10-19,USD,8204.41,0.00,676.60,0.00,0.00,190.03,0.00,160.38,41.12,-56.40,7141.86,7126.58,41.12,7085.46,0.00,7933.35,12.63,153.40,56.40,0.00,0.00,0.00,0.00,0.00,0.00,0.00,0.00,0.00,0.00,0.00,-61.26,0.00,0.00,175.92,0.00,0.00,160.38,-153.40,-12.63,0.00,-114.63,12.63,0.00,-56.40
420646,Eden Square Ctr,2324,DE009,2025-10-13,2025-10-19,USD,9058.24,0.00,876.68,0.00,0.00,234.64,0.00,169.05,0.00,-88.78,7769.77,7680.99,0.00,7680.99,0.00,8709.10,0.00,189.10,88.78,0.00,0.00,0.00,0.00,0.00,0.00,0.00,0.00,0.00,0.00,0.00,-71.26,0.00,0.00,178.94,0.00,0.00,169.05,-189.10,0.00,0.00,-141.54,0.00,0.00,-88.78
422117,Ogletown Stanton,2324,DE094,2025-10-13,2025-10-19,USD,6657.74,0.00,590.33,0.00,0.00,100.54,0.00,151.09,5.05,-165.64,5858.27,5697.98,5.35,5692.63,0.00,6358.30,19.29,80.74,165.64,0.00,0.00,0.00,0.00,0.00,0.00,0.00,0.00,0.00,0.00,0.00,-53.06,0.00,0.00,132.58,0.00,0.00,151.09,-80.74,-19.29,0.00,-88.80,19.29,0.00,-165.64
424852,West Sahara Avenue,2324,NV022,2025-10-13,2025-10-19,USD,2770.59,0.00,181.44,0.00,0.00,38.67,0.00,57.21,15.48,-4.00,2482.92,2494.40,15.48,2478.92,222.97,2718.85,0.00,30.75,4.00,0.00,0.00,0.00,0.00,0.00,0.00,0.00,0.00,0.00,0.00,0.00,-16.99,0.00,0.00,77.30,0.00,0.00,57.21,-30.75,0.00,0.00,-22.92,0.00,0.00,-4.00
433075,Jennersville Rd,2324,PA032,2025-10-13,2025-10-19,USD,6194.62,0.00,412.73,0.00,0.00,119.40,0.00,186.85,9.18,-72.87,5587.26,5523.57,9.18,5514.39,372.06,6194.62,11.00,97.62,72.87,0.00,0.00,0.00,0.00,0.00,0.00,0.00,0.00,0.00,0.00,0.00,-34.98,0.00,0.00,157.92,0.00,0.00,186.85,-97.62,-11.00,0.00,-81.78,11.00,0.00,-72.87
439577,Plumb Lane,2324,NV152,2025-10-13,2025-10-19,USD,4343.20,0.00,346.30,0.00,0.00,63.08,0.00,130.13,2.79,-14.48,3883.12,3871.73,3.09,3868.64,344.84,4221.08,5.98,53.18,14.48,0.00,0.00,0.00,0.00,0.00,0.00,0.00,0.00,0.00,0.00,0.00,-54.46,0.00,0.00,105.58,0.00,0.00,130.13,-53.18,-5.98,0.00,-27.90,5.98,0.00,-14.48
575293,North Union St,2324,DE001,2025-10-13,2025-10-19,USD,11245.32,0.00,1354.74,0.00,0.00,457.43,0.00,142.72,69.63,0.00,9132.56,9202.19,69.63,9132.56,0.00,10799.04,33.97,378.23,0.00,0.00,0.00,0.00,0.00,0.00,0.00,0.00,0.00,0.00,0.00,0.00,-68.05,0.00,0.00,155.63,0.00,0.00,142.72,-378.23,-33.97,0.00,-229.20,33.97,0.00,0.00
575295,West Glenwood Ave,2324,DE025,2025-10-13,2025-10-19,USD,6993.34,0.00,538.40,0.00,0.00,149.28,0.00,203.19,30.20,-40.00,6156.68,6146.88,30.20,6116.68,0.00,6738.73,15.90,121.56,40.00,0.00,0.00,0.00,0.00,0.00,0.00,0.00,0.00,0.00,0.00,0.00,-93.05,0.00,0.00,156.92,0.00,0.00,203.19,-121.56,-15.90,0.00,-99.72,15.90,0.00,-40.00
575296,Kennett Square,2324,PA006,2025-10-13,2025-10-19,USD,4581.80,0.00,146.56,0.00,0.00,103.46,0.00,216.86,10.79,-64.00,4335.08,4281.87,10.79,4271.08,274.98,4581.80,5.00,80.69,64.00,0.00,0.00,0.00,0.00,0.00,0.00,0.00,0.00,0.00,0.00,0.00,-53.47,0.00,0.00,143.30,0.00,0.00,216.86,-80.69,-5.00,0.00,-28.77,5.00,0.00,-64.00
575301,West Basin Rd,2324,DE002,2025-10-13,2025-10-19,USD,5869.74,0.00,342.73,0.00,0.00,129.88,0.00,216.36,25.17,-54.28,5278.26,5249.92,25.94,5223.98,0.00,5593.51,0.00,107.11,54.28,0.00,0.00,0.00,0.00,0.00,0.00,0.00,0.00,0.00,0.00,0.00,-114.84,0.00,0.00,153.22,0.00,0.00,216.36,-107.11,0.00,0.00,-64.77,0.00,0.00,-54.28
578425,Red Cliff Dr,2324,UT108,2025-10-13,2025-10-19,USD,2773.57,203.34,212.25,0.00,0.00,43.62,0.00,32.63,0.00,-11.99,2582.26,2575.75,5.48,2570.27,0.00,2639.15,0.00,35.70,11.99,0.00,0.00,0.00,0.00,0.00,0.00,0.00,0.00,0.00,0.00,0.00,-86.73,0.00,5.00,64.68,0.00,0.00,32.63,-35.70,0.00,0.00,-22.92,0.00,0.00,-11.99
578662,N Broad St,2324,DE010,2025-10-13,2025-10-19,USD,7507.22,0.00,768.25,0.00,0.00,312.34,0.00,151.92,2.89,-32.00,6306.71,6277.60,2.89,6274.71,0.00,7197.70,15.00,244.03,32.00,0.00,0.00,0.00,0.00,0.00,0.00,0.00,0.00,0.00,0.00,0.00,-33.49,0.00,0.00,130.46,0.00,0.00,151.92,-244.03,-15.00,0.00,-173.31,15.00,0.00,-32.00
582282,E 53rd - Davenport,2324,IA069,2025-10-13,2025-10-19,USD,5829.69,0.00,472.02,0.00,0.00,253.01,0.00,188.89,10.56,-99.98,5019.09,4929.67,10.56,4919.11,369.38,5392.74,30.60,209.45,99.98,0.00,0.00,0.00,0.00,0.00,0.00,0.00,0.00,0.00,0.00,0.00,-96.92,0.00,0.00,124.98,0.00,0.00,188.89,-209.45,-30.60,0.00,-85.56,30.60,0.00,-99.98
651597,De Soto-Chatsworth,2324,CA164,2025-10-13,2025-10-19,USD,5476.66,486.27,475.10,0.00,0.00,379.63,0.00,112.68,32.92,-55.12,4940.77,4918.57,32.92,4885.65,0.00,4986.57,0.00,314.29,61.58,0.00,64.79,242.07,0.00,0.00,318.38,0.00,0.00,0.00,0.00,0.00,-114.22,0.00,0.00,102.97,0.00,0.00,112.68,-314.29,0.00,0.00,-95.34,0.00,0.00,-55.12
674514,Marlboro - Easton,2324,MD086,2025-10-13,2025-10-19,USD,4515.54,262.55,432.31,0.00,0.00,129.80,0.00,82.72,3.15,-22.49,4107.59,4093.25,8.15,4085.10,0.00,4367.01,15.98,105.05,22.49,0.00,0.00,0.00,0.00,0.00,0.00,0.00,0.00,0.00,0.00,0.00,-20.99,0.00,5.00,92.97,0.00,0.00,82.72,-105.05,-15.98,0.00,-93.75,15.98,0.00,-22.49
674540,Forest Drive,2324,MD118,2025-10-13,2025-10-19,USD,4588.54,259.66,491.14,0.00,0.00,226.90,0.00,85.80,21.50,-16.57,4030.70,4035.63,21.50,4014.13,0.00,4317.20,2.99,177.40,29.98,0.00,0.00,0.00,0.00,0.00,0.00,0.00,0.00,0.00,0.00,0.00,-63.96,0.00,0.00,78.80,0.00,0.00,85.80,-177.40,-2.99,0.00,-70.50,2.99,0.00,-16.57
691089,Kent Island,2324,MD070,2025-10-13,2025-10-19,USD,5142.11,294.85,374.28,0.00,0.00,174.59,0.00,160.76,107.30,-76.96,4682.39,4717.73,112.30,4605.43,0.00,4904.39,0.00,136.97,22.00,54.96,0.00,0.00,0.00,0.00,0.00,0.00,0.00,0.00,0.00,0.00,-78.75,0.00,5.00,121.41,0.00,0.00,160.76,-136.97,0.00,0.00,-91.62,0.00,0.00,-76.96
691182,Silverside Road,2324,DE004,2025-10-13,2025-10-19,USD,14290.05,0.00,857.21,0.00,0.00,257.25,0.00,526.00,34.72,-154.94,13112.51,12998.29,40.72,12957.57,0.00,13804.45,34.98,211.71,154.94,0.00,0.00,0.00,0.00,0.00,0.00,0.00,0.00,0.00,0.00,0.00,-118.95,0.00,6.00,372.41,0.00,0.00,526.00,-211.71,-34.98,0.00,-102.54,34.98,0.00,-154.94
699470,S Stanford Way,2324,NV054,2025-10-13,2025-10-19,USD,8365.96,0.00,408.60,0.00,0.00,74.37,0.00,308.23,21.48,-207.68,7810.51,7625.08,22.25,7602.83,661.06,8104.74,0.00,59.52,137.24,70.44,0.00,0.00,0.00,0.00,0.00,0.00,0.00,0.00,0.00,0.00,-64.46,0.00,0.00,249.77,0.00,0.00,308.23,-59.52,0.00,0.00,-59.85,0.00,0.00,-207.68
705841,Meadows - Reno,2324,NV067,2025-10-13,2025-10-19,USD,6193.76,0.00,519.21,0.00,0.00,153.47,0.00,196.22,19.19,-112.89,5462.51,5368.81,19.19,5349.62,476.85,5890.36,19.79,125.75,112.89,0.00,0.00,0.00,0.00,0.00,0.00,0.00,0.00,0.00,0.00,0.00,-44.97,0.00,0.00,139.63,0.00,0.00,196.22,-125.75,-19.79,0.00,-78.72,19.79,0.00,-112.89
719271,Sierra St - Reno,2324,NV079,2025-10-13,2025-10-19,USD,8897.38,0.00,998.29,0.00,0.00,306.81,0.00,241.77,56.69,-39.67,7390.90,7407.92,56.69,7351.23,695.29,8504.42,0.00,251.37,39.67,0.00,0.00,0.00,0.00,0.00,0.00,0.00,0.00,0.00,0.00,0.00,-101.92,0.00,0.00,155.54,0.00,0.00,241.77,-251.37,0.00,0.00,-184.44,0.00,0.00,-39.67
874359,Pioneer Pkwy,2324,UT160,2025-10-13,2025-10-19,USD,1632.12,119.27,67.11,0.00,0.00,62.79,0.00,56.35,0.00,-12.00,1606.80,1594.80,0.00,1594.80,0.00,1548.23,0.00,51.90,12.00,0.00,0.00,0.00,0.00,0.00,0.00,0.00,0.00,0.00,0.00,0.00,-19.99,0.00,0.00,48.05,0.00,0.00,56.35,-51.90,0.00,0.00,-13.89,0.00,0.00,-12.00
1007892,Maryland Pkwy,2324,NV151,2025-10-13,2025-10-19,USD,2611.46,0.00,184.47,0.00,0.00,96.04,0.00,89.74,0.00,-20.58,2272.34,2252.06,0.30,2251.76,200.88,2441.72,0.00,78.22,20.58,0.00,0.00,0.00,0.00,0.00,0.00,0.00,0.00,0.00,0.00,0.00,-70.94,0.00,0.00,68.41,0.00,0.00,89.74,-78.22,0.00,0.00,-26.82,0.00,0.00,-20.58
1018616,Douglas Blvd,2324,CA171,2025-10-13,2025-10-19,USD,4095.30,278.32,490.38,0.00,0.00,205.74,0.00,46.76,11.54,-12.00,3556.61,3556.15,11.54,3544.61,0.00,3839.16,30.00,161.19,12.00,0.00,62.34,218.83,0.00,0.00,379.36,0.00,0.00,0.00,0.00,0.00,-82.95,0.00,0.00,55.16,0.00,0.00,46.76,-161.19,-30.00,0.00,-62.55,30.00,0.00,-12.00
1053361,E William Street,2324,NV191,2025-10-13,2025-10-19,USD,5621.99,0.00,365.96,0.00,0.00,89.65,0.00,261.87,5.79,-15.41,5207.31,5197.69,5.79,5191.90,412.63,5500.68,2.99,71.83,22.00,0.00,0.00,0.00,0.00,0.00,0.00,0.00,0.00,0.00,0.00,0.00,-27.48,0.00,0.00,154.67,0.00,0.00,261.87,-71.83,-2.99,0.00,-50.82,2.99,0.00,-15.41
1084955,University Ave,2324,IA190,2025-10-13,2025-10-19,USD,4947.72,0.00,379.89,0.00,0.00,194.25,0.00,120.84,18.43,-23.99,4305.23,4299.97,18.73,4281.24,323.80,4737.06,0.00,150.69,23.99,0.00,0.00,0.00,0.00,0.00,0.00,0.00,0.00,0.00,0.00,0.00,-35.98,0.00,0.00,119.78,0.00,0.00,120.84,-150.69,0.00,0.00,-58.56,0.00,0.00,-23.99
1335286,St Rose Pkwy,2324,NV168,2025-10-13,2025-10-19,USD,4812.47,0.00,388.18,0.00,0.00,189.01,0.00,187.85,20.55,-37.19,4206.30,4189.66,20.55,4169.11,371.04,4559.91,0.00,148.42,37.19,0.00,0.00,0.00,0.00,0.00,0.00,0.00,0.00,0.00,0.00,0.00,-66.95,0.00,0.00,102.33,0.00,0.00,187.85,-148.42,0.00,0.00,-67.59,0.00,0.00,-37.19
1370229,Grand Ave-Portland,2324,OR228,2025-10-13,2025-10-19,USD,8222.25,0.00,1026.41,0.00,0.00,1037.79,0.00,132.44,63.73,-12.00,5740.93,5792.66,63.73,5728.93,0.00,7233.72,5.98,914.04,12.00,0.00,0.00,0.00,0.00,0.00,0.00,0.00,0.00,0.00,0.00,0.00,-62.49,0.00,0.00,84.51,0.00,0.00,132.44,-914.04,-5.98,0.00,-462.58,5.98,0.00,-12.00
1581092,Palm Ave - Fresno,2324,CA197,2025-10-13,2025-10-19,USD,5255.58,413.28,592.14,0.00,0.00,256.23,0.00,54.56,32.90,-22.00,4636.56,4647.46,32.90,4614.56,0.00,4950.94,30.00,211.68,22.00,0.00,81.75,314.50,0.00,0.00,347.27,0.00,0.00,0.00,0.00,0.00,-70.96,0.00,0.00,80.63,0.00,0.00,54.56,-211.68,-30.00,0.00,-98.55,30.00,0.00,-22.00
1616214,South  Walton Blvd,2324,AR100196,2025-10-13,2025-10-19,USD,9276.55,0.00,991.40,0.00,0.00,330.88,0.00,112.46,1.18,-11.29,7761.29,7751.18,1.18,7750.00,929.46,8876.82,22.74,275.44,11.29,0.00,0.00,0.00,0.00,0.00,0.00,0.00,0.00,0.00,0.00,0.00,-93.25,0.00,0.00,151.01,0.00,0.00,112.46,-275.44,-22.74,0.00,-115.44,22.74,0.00,-11.29
1617804,"Capriotti's of Dover, Inc.",2324,1617804,2025-10-13,2025-10-19,USD,0.00,0.00,0.00,0.00,0.00,0.00,0.00,0.00,0.00,3.15,-3.15,3.15,3.15,0.00,0.00,0.00,0.00,0.00,0.00,0.00,0.00,0.00,0.00,0.00,0.00,0.00,0.00,0.00,0.00,0.00,0.00,3.15,0.00,0.00,0.00,0.00,0.00,0.00,0.00,0.00,0.00,0.00,0.00,3.15
1636430,"Capriotti's of Milford, LLC",2324,1636430,2025-10-13,2025-10-19,USD,4755.25,0.00,519.22,0.00,0.00,372.37,0.00,0.00,26.65,-6.15,3516.69,3540.34,29.80,3510.54,0.00,4361.92,8.00,320.89,16.99,0.00,0.00,0.00,0.00,0.00,0.00,0.00,0.00,0.00,0.00,0.00,-55.45,3.15,0.00,67.96,0.00,0.00,0.00,-320.89,-8.00,0.00,-245.24,8.00,0.00,-6.15
1640642,East Ridge Pike,2324,PA220,2025-10-13,2025-10-19,USD,5075.50,0.00,425.19,0.00,0.00,101.45,0.00,148.17,21.11,-55.98,4473.42,4438.68,21.24,4417.44,304.85,5075.50,30.48,82.64,55.98,0.00,0.00,0.00,0.00,0.00,0.00,0.00,0.00,0.00,0.00,0.00,-44.47,0.00,0.00,116.03,0.00,0.00,148.17,-82.64,-30.48,0.00,-60.81,30.48,0.00,-55.98
1713806,South State Rd,2324,PA080,2025-10-13,2025-10-19,USD,6836.91,0.00,599.41,0.00,0.00,306.38,0.00,139.75,93.23,-81.77,5737.88,5749.34,93.23,5656.11,409.30,6836.91,15.72,240.05,81.77,0.00,0.00,0.00,0.00,0.00,0.00,0.00,0.00,0.00,0.00,0.00,-56.97,0.00,0.00,143.79,0.00,0.00,139.75,-240.05,-15.72,0.00,-105.33,15.72,0.00,-81.77
1742411,S Marion Road,2324,SD162,2025-10-13,2025-10-19,USD,5746.40,0.00,409.48,0.00,0.00,111.31,0.00,175.84,18.85,-40.07,5065.99,5045.07,19.15,5025.92,392.47,5458.10,22.99,90.52,40.07,0.00,0.00,0.00,0.00,0.00,0.00,0.00,0.00,0.00,0.00,0.00,-137.71,0.00,0.00,145.90,0.00,0.00,175.84,-90.52,-22.99,0.00,-53.79,22.99,0.00,-40.07
1742446,West Avera Dr,2324,SD187,2025-10-13,2025-10-19,USD,3082.74,0.00,252.94,0.00,0.00,51.70,0.00,55.45,25.54,-9.98,2681.48,2697.04,25.54,2671.50,214.89,2987.04,9.74,41.80,9.98,0.00,0.00,0.00,0.00,0.00,0.00,0.00,0.00,0.00,0.00,0.00,-34.18,0.00,0.00,74.35,0.00,0.00,55.45,-41.80,-9.74,0.00,-27.90,9.74,0.00,-9.98
1743753,East Sepulveda,2324,CA084,2025-10-13,2025-10-19,USD,6706.44,652.25,598.68,0.00,0.00,527.39,0.00,53.90,0.00,-20.00,6081.38,6061.38,0.00,6061.38,0.00,6212.62,0.00,433.34,20.00,0.00,104.12,414.43,0.00,0.00,647.17,0.00,0.00,0.00,0.00,0.00,-40.48,0.00,0.00,131.66,0.00,0.00,53.90,-433.34,0.00,0.00,-127.05,0.00,0.00,-20.00
1750142,Southern Highlands,2324,NV059,2025-10-13,2025-10-16,USD,475.71,0.00,28.25,0.00,0.00,21.74,0.00,23.23,0.00,-4.00,433.59,429.59,0.00,429.59,37.84,453.93,0.00,17.78,4.00,0.00,0.00,0.00,0.00,0.00,0.00,0.00,0.00,0.00,0.00,0.00,0.00,0.00,0.00,15.36,0.00,0.00,23.23,-17.78,0.00,0.00,-3.96,0.00,0.00,-4.00
1791292,Highlands Ranch,2324,CO229,2025-10-13,2025-10-19,USD,4033.30,0.00,312.10,0.00,0.00,129.82,0.00,101.31,40.12,-47.92,3479.86,3472.06,40.12,3431.94,191.51,3831.33,0.00,103.09,47.92,0.00,0.00,0.00,0.00,0.00,0.00,0.00,0.00,0.00,0.00,0.00,-50.96,0.00,0.00,91.75,0.00,0.00,101.31,-103.09,0.00,0.00,-56.73,0.00,0.00,-47.92
1856591,Kenosha & 177th,2324,OK213,2025-10-13,2025-10-19,USD,7197.81,0.00,727.95,0.00,0.00,674.61,0.00,147.80,53.80,-22.97,5552.50,5583.33,53.80,5529.53,543.69,6469.68,6.79,591.45,22.97,0.00,0.00,0.00,0.00,0.00,0.00,0.00,0.00,0.00,0.00,0.00,-117.91,0.00,0.00,119.84,0.00,0.00,147.80,-591.45,-6.79,0.00,-182.16,6.79,0.00,-22.97
2232632,Heart Pine-Odessa,2324,FL193,2025-10-13,2025-10-19,USD,2995.30,0.00,235.09,0.00,0.00,233.29,0.00,104.97,5.77,-7.98,2470.86,2468.65,5.77,2462.88,206.30,2749.64,10.00,192.70,7.98,0.00,0.00,0.00,0.00,0.00,0.00,0.00,0.00,0.00,0.00,0.00,-34.98,0.00,0.00,69.28,0.00,0.00,104.97,-192.70,-10.00,0.00,-91.59,10.00,0.00,-7.98
2375637,Cheyenne Rd,2324,CO231,2025-10-13,2025-10-18,USD,2788.30,0.00,242.93,0.00,0.00,70.88,0.00,75.94,6.98,-4.27,2441.26,2443.97,6.98,2436.99,290.05,2674.23,12.78,58.01,16.00,0.00,0.00,0.00,0.00,0.00,0.00,0.00,0.00,0.00,0.00,0.00,-27.28,0.00,0.00,62.91,0.00,0.00,75.94,-58.01,-12.78,0.00,-24.87,12.78,0.00,-4.27
2375657,Brayden Pkwy,2324,SC237,2025-10-13,2025-10-19,USD,5135.80,0.00,573.65,0.00,0.00,235.94,0.00,117.22,0.00,-32.97,4272.60,4239.63,0.00,4239.63,437.06,4859.47,28.93,185.45,32.97,0.00,0.00,0.00,0.00,0.00,0.00,0.00,0.00,0.00,0.00,0.00,-28.98,0.00,0.00,84.85,0.00,0.00,117.22,-185.45,-28.93,0.00,-107.49,28.93,0.00,-32.97
2375675,Limonite Ave,2324,CA215,2025-10-13,2025-10-19,USD,3918.61,278.96,262.30,0.00,0.00,143.95,0.00,53.07,3.19,-117.43,3638.12,3524.48,3.79,3520.69,0.00,3599.52,20.00,115.24,117.43,0.00,54.30,182.97,0.00,0.00,243.89,0.00,0.00,0.00,0.00,0.00,-86.45,0.00,0.00,92.63,0.00,0.00,53.07,-115.24,-20.00,0.00,-52.71,20.00,0.00,-117.43
2608887,Mountain View,2324,UT156,2025-10-13,2025-10-19,USD,3815.76,296.02,515.09,0.00,0.00,260.15,0.00,54.11,0.00,-5.98,3297.18,3291.20,0.00,3291.20,0.00,3587.60,0.00,206.69,5.98,0.00,0.00,0.00,0.00,0.00,0.00,0.00,0.00,0.00,0.00,0.00,-15.49,0.00,0.00,41.98,0.00,0.00,54.11,-206.69,0.00,0.00,-89.46,0.00,0.00,-5.98
2608908,State and 6100 S,2324,UT154,2025-10-13,2025-10-19,USD,4114.24,330.89,484.80,0.00,0.00,153.02,0.00,53.61,3.24,-6.79,3687.44,3683.89,3.24,3680.65,0.00,3915.95,0.00,123.32,20.00,0.00,0.00,0.00,0.00,0.00,0.00,0.00,0.00,0.00,0.00,0.00,-54.97,0.00,0.00,64.27,0.00,0.00,53.61,-123.32,0.00,0.00,-80.70,0.00,0.00,-6.79
2608935,WVC High Market,2324,UT132,2025-10-13,2025-10-19,USD,3962.21,314.57,481.47,0.00,0.00,173.93,0.00,41.90,52.65,28.97,3554.14,3635.76,52.65,3583.11,0.00,3812.97,2.99,141.26,7.98,0.00,0.00,0.00,0.00,0.00,0.00,0.00,0.00,0.00,0.00,0.00,0.00,0.00,0.00,50.49,0.00,0.00,41.90,-141.26,-2.99,0.00,-38.67,2.99,0.00,28.97
23035356,NE Cookingham Dr,2324,MO100246,2025-10-13,2025-10-19,USD,4108.67,421.80,286.73,0.00,0.00,110.24,0.00,133.61,0.00,-17.98,4063.47,4045.49,0.00,4045.49,0.00,3932.39,5.00,90.44,17.98,0.00,0.00,0.00,0.00,0.00,0.00,0.00,0.00,0.00,0.00,0.00,-62.86,0.00,0.00,110.78,0.00,0.00,133.61,-90.44,-5.00,0.00,-49.80,5.00,0.00,-17.98
23057614,Castle Rock,2324,CO100236,2025-10-13,2025-10-19,USD,3404.85,0.00,357.62,0.00,0.00,137.33,0.00,101.91,24.90,-26.97,2819.41,2817.34,24.90,2792.44,266.54,3185.28,10.00,107.63,34.50,0.00,0.00,0.00,0.00,0.00,0.00,0.00,0.00,0.00,0.00,0.00,-67.44,0.00,0.00,61.06,0.00,0.00,101.91,-107.63,-10.00,0.00,-68.70,10.00,0.00,-26.97
23057623,Collier Pkwy-Lutz,2324,FL100238,2025-10-13,2025-10-19,USD,3765.38,0.00,347.75,0.00,0.00,329.77,0.00,87.57,6.05,-54.00,2976.34,2928.39,6.05,2922.34,235.04,3361.24,6.05,272.35,54.00,0.00,0.00,0.00,0.00,0.00,0.00,0.00,0.00,0.00,0.00,0.00,-71.74,0.00,0.00,73.30,0.00,0.00,87.57,-272.35,-6.05,0.00,-105.42,6.05,0.00,-54.00
23066760,Hamilton Blvd,2324,PA100176,2025-10-13,2025-10-19,USD,8524.92,0.00,731.35,0.00,0.00,622.04,0.00,159.42,4.94,-81.63,6745.62,6668.93,4.94,6663.99,511.51,8524.92,23.11,548.78,81.63,0.00,0.00,0.00,0.00,0.00,0.00,0.00,0.00,0.00,0.00,0.00,-70.75,0.00,0.00,163.75,0.00,0.00,159.42,-548.78,-23.11,0.00,-419.15,23.11,0.00,-81.63
23085788,Moreno Beach Drive,2324,CA100265,2025-10-13,2025-10-19,USD,3435.17,276.13,221.30,0.00,0.00,128.32,0.00,37.95,25.85,-18.99,3112.26,3119.12,25.85,3093.27,0.00,3155.74,6.00,104.56,18.99,0.00,58.82,146.04,0.00,0.00,150.89,0.00,0.00,0.00,0.00,0.00,-155.88,0.00,0.00,84.64,0.00,0.00,37.95,-104.56,-6.00,0.00,-44.76,6.00,0.00,-18.99
23085790,Coeur d'Alene,2324,ID100290,2025-10-13,2025-10-19,USD,5901.52,0.00,651.43,0.00,0.00,628.82,0.00,96.28,26.16,-12.00,4412.52,4426.68,26.16,4400.52,313.06,5211.33,8.65,550.61,12.00,0.00,0.00,0.00,0.00,0.00,0.00,0.00,0.00,0.00,0.00,0.00,-118.93,0.00,0.00,84.94,0.00,0.00,96.28,-550.61,-8.65,0.00,-153.21,8.65,0.00,-12.00
23128705,1st Ave NE,2324,IA090,2025-10-13,2025-10-16,USD,2195.43,0.00,238.10,0.00,0.00,69.07,0.00,38.64,27.25,-34.00,1825.88,1819.13,27.25,1791.88,141.38,2095.23,0.00,55.21,34.00,0.00,0.00,0.00,0.00,0.00,0.00,0.00,0.00,0.00,0.00,0.00,-10.99,0.00,0.00,38.78,0.00,0.00,38.64,-55.21,0.00,0.00,-37.86,0.00,0.00,-34.00
23151390,Concord Pike,2324,DE100158,2025-10-13,2025-10-19,USD,5020.31,0.00,279.31,0.00,0.00,49.77,0.00,128.98,0.00,-129.97,4582.27,4452.60,0.30,4452.30,0.00,4791.54,15.00,40.86,104.97,25.00,0.00,0.00,0.00,0.00,0.00,0.00,0.00,0.00,0.00,0.00,-82.94,0.00,0.00,131.00,0.00,0.00,128.98,-40.86,-15.00,0.00,-32.91,15.00,0.00,-129.97
23186665,Byers Dr,2324,PA014,2025-10-13,2025-10-19,USD,4180.05,0.00,299.26,0.00,0.00,121.41,0.00,87.68,3.79,-22.00,3667.39,3649.18,3.79,3645.39,250.95,4180.05,26.11,96.66,22.00,0.00,0.00,0.00,0.00,0.00,0.00,0.00,0.00,0.00,0.00,0.00,-41.98,0.00,0.00,103.90,0.00,0.00,87.68,-96.66,-26.11,0.00,-54.75,26.11,0.00,-22.00
23256727,East Market Street,2324,PA016,2025-10-13,2025-10-19,USD,5864.23,0.00,434.03,0.00,0.00,277.96,0.00,220.35,22.92,-42.76,5032.11,5012.27,22.92,4989.35,349.21,5864.23,25.49,218.47,42.76,0.00,0.00,0.00,0.00,0.00,0.00,0.00,0.00,0.00,0.00,0.00,-60.46,0.00,0.00,143.32,0.00,0.00,220.35,-218.47,-25.49,0.00,-173.27,25.49,0.00,-42.76
23349403,West Fullerton Ave,2324,IL100206,2025-10-13,2025-10-19,USD,6336.50,0.00,727.09,0.00,0.00,225.80,0.00,129.65,45.17,-51.99,4605.27,4599.01,45.73,4553.28,643.08,5964.94,23.00,190.16,51.99,0.00,0.00,0.00,0.00,0.00,0.00,0.00,0.00,0.00,0.00,0.00,-106.41,0.00,0.00,106.38,0.00,0.00,129.65,-190.16,-23.00,0.00,-685.67,23.00,0.00,-51.99
23349419,Boulder Station,2324,NV209250,2025-10-13,2025-10-19,USD,1931.91,0.00,174.78,0.00,0.00,132.21,0.00,19.15,6.48,0.00,1590.01,1596.49,6.48,1590.01,150.36,1797.52,17.99,114.39,0.00,0.00,0.00,0.00,0.00,0.00,0.00,0.00,0.00,0.00,0.00,0.00,-5.00,0.00,0.00,36.58,0.00,0.00,19.15,-114.39,-17.99,0.00,-23.82,17.99,0.00,0.00
23349425,Arapahoe Rd,2324,CO100245,2025-10-13,2025-10-19,USD,3955.79,0.00,344.08,0.00,0.00,177.37,0.00,94.49,5.00,-38.00,3353.53,3320.53,5.00,3315.53,267.19,3699.59,12.99,140.74,38.00,0.00,0.00,0.00,0.00,0.00,0.00,0.00,0.00,0.00,0.00,0.00,-67.46,0.00,0.00,81.84,0.00,0.00,94.49,-140.74,-12.99,0.00,-57.63,12.99,0.00,-38.00
23349427,Smithtown Bypass,2324,NY100268,2025-10-13,2025-10-19,USD,2382.25,198.02,186.28,0.00,0.00,88.33,0.00,21.73,13.21,-2.00,2204.62,2215.83,13.21,2202.62,0.00,2262.76,3.50,68.53,2.00,0.00,0.00,0.00,0.00,0.00,0.00,0.00,0.00,0.00,0.00,0.00,-48.96,0.00,0.00,54.60,0.00,0.00,21.73,-68.53,-3.50,0.00,-25.80,3.50,0.00,-2.00
23360934,Millsboro Plaza,2324,DE100320,2025-10-13,2025-10-19,USD,7496.12,0.00,665.39,0.00,0.00,500.30,0.00,116.30,25.99,-27.98,6150.66,6148.67,25.99,6122.68,0.00,7012.03,10.00,419.12,27.98,0.00,0.00,0.00,0.00,0.00,0.00,0.00,0.00,0.00,0.00,0.00,-36.99,0.00,0.00,149.09,0.00,0.00,116.30,-419.12,-10.00,0.00,-165.18,10.00,0.00,-27.98
23584856,Happy Valley,2324,OR100230,2025-10-13,2025-10-19,USD,6740.50,0.00,619.67,0.00,0.00,730.83,0.00,169.58,46.58,-111.72,5127.56,5062.42,46.58,5015.84,0.00,5965.23,25.00,634.80,111.72,0.00,0.00,0.00,0.00,0.00,0.00,0.00,0.00,0.00,0.00,0.00,-28.75,0.00,0.00,104.41,0.00,0.00,169.58,-634.80,-25.00,0.00,-348.31,25.00,0.00,-111.72
23641277,West Charleston,2324,NV019,2025-10-13,2025-10-19,USD,2554.27,0.00,277.35,0.00,0.00,69.40,0.00,32.16,10.76,0.00,2105.70,2116.46,10.76,2105.70,199.77,2427.98,14.49,56.53,0.00,0.00,0.00,0.00,0.00,0.00,0.00,0.00,0.00,0.00,0.00,0.00,-55.27,0.00,0.00,46.95,0.00,0.00,32.16,-56.53,-14.49,0.00,-33.87,14.49,0.00,0.00
23733193,Bel Air,2324,MD100322,2025-10-13,2025-10-19,USD,5420.33,299.31,448.75,0.00,0.00,365.59,0.00,118.13,11.50,-42.00,4775.40,4744.90,11.50,4733.40,0.00,4976.82,0.00,327.97,42.00,0.00,0.00,0.00,0.00,0.00,0.00,0.00,0.00,0.00,0.00,0.00,-73.54,0.00,0.00,111.99,0.00,0.00,118.13,-327.97,0.00,0.00,-88.62,0.00,0.00,-42.00
23900701,San Luis Obispo,2324,CA200,2025-10-13,2025-10-19,USD,2866.69,221.65,262.53,0.00,0.00,314.13,0.00,84.10,10.69,-10.00,2451.99,2452.68,10.69,2441.99,0.00,2532.66,0.00,271.56,10.00,0.00,49.87,132.87,0.00,0.00,164.97,0.00,0.00,0.00,0.00,0.00,-52.47,0.00,0.00,44.63,0.00,0.00,84.10,-271.56,0.00,0.00,-78.57,0.00,0.00,-10.00
24021312,Parker,2324,CO100326,2025-10-13,2025-10-19,USD,2808.53,0.00,240.03,0.00,0.00,100.67,0.00,113.73,28.11,28.11,2460.21,2516.43,28.11,2488.32,216.25,2701.67,0.00,79.88,0.00,0.00,0.00,0.00,0.00,0.00,0.00,0.00,0.00,0.00,0.00,0.00,-26.98,0.00,0.00,63.26,0.00,0.00,113.73,-79.88,0.00,0.00,-23.79,0.00,0.00,28.11
24110474,Overland Park,2324,KS207,2025-10-13,2025-10-19,USD,6589.28,0.00,453.34,0.00,0.00,224.28,0.00,166.75,28.43,-40.87,5711.97,5700.07,28.97,5671.10,568.16,6186.35,50.91,176.76,40.87,0.00,0.00,0.00,0.00,0.00,0.00,0.00,0.00,0.00,0.00,0.00,-137.38,0.00,0.00,170.63,0.00,0.00,166.75,-176.76,-50.91,0.00,-77.52,50.91,0.00,-40.87
24121153,Governor Ritchie,2324,MD100298,2025-10-13,2025-10-19,USD,6483.54,374.55,577.68,0.00,0.00,219.52,0.00,121.18,88.76,-4.99,5834.38,5918.15,88.76,5829.39,0.00,6231.60,10.00,172.00,4.99,0.00,0.00,0.00,0.00,0.00,0.00,0.00,0.00,0.00,0.00,0.00,-74.95,0.00,0.00,129.98,0.00,0.00,121.18,-172.00,-10.00,0.00,-101.52,10.00,0.00,-4.99
24404087,Freeman Park,2324,NC100201,2025-10-13,2025-10-19,USD,3407.12,0.00,240.85,0.00,0.00,68.40,0.00,76.93,14.66,-32.00,2944.75,2927.41,14.66,2912.75,263.91,3201.17,7.00,55.53,32.00,0.00,0.00,0.00,0.00,0.00,0.00,0.00,0.00,0.00,0.00,0.00,-111.42,0.00,0.00,88.97,0.00,0.00,76.93,-55.53,-7.00,0.00,-27.87,7.00,0.00,-32.00
24415273,Zionsville,2324,IN100333,2025-10-13,2025-10-19,USD,4265.06,0.00,411.32,0.00,0.00,462.00,0.00,43.55,25.43,-89.85,3287.10,3222.98,25.73,3197.25,336.11,3738.55,15.00,395.67,89.85,0.00,0.00,0.00,0.00,0.00,0.00,0.00,0.00,0.00,0.00,0.00,-25.99,0.00,0.00,63.77,0.00,0.00,43.55,-395.67,-15.00,0.00,-99.33,15.00,0.00,-89.85
24415514,Gambrills,2324,MD100332,2025-10-13,2025-10-19,USD,4592.64,248.37,441.01,0.00,0.00,464.25,0.00,93.57,20.72,-22.49,3834.03,3832.26,20.72,3811.54,0.00,4128.34,0.00,385.05,22.49,0.00,0.00,0.00,0.00,0.00,0.00,0.00,0.00,0.00,0.00,0.00,-56.76,0.00,0.00,78.81,0.00,0.00,93.57,-385.05,0.00,0.00,-118.20,0.00,0.00,-22.49
24415716,Blackstone-Fresno,2324,CA100221,2025-10-13,2025-10-19,USD,880.58,67.26,124.74,0.00,0.00,60.54,0.00,11.77,0.00,-20.00,748.55,728.55,0.00,728.55,0.00,805.93,6.83,49.65,20.00,0.00,7.97,52.34,0.00,0.00,70.50,0.00,0.00,0.00,0.00,0.00,-5.00,0.00,0.00,8.78,0.00,0.00,11.77,-49.65,-6.83,0.00,-22.89,6.83,0.00,-20.00
24559604,Shepherd - Fresno,2324,CA100321,2025-10-13,2025-10-19,USD,4489.41,357.40,465.19,0.00,0.00,189.12,0.00,95.12,0.00,0.00,4117.95,4117.95,0.00,4117.95,0.00,4281.51,5.00,158.43,0.00,0.00,63.32,219.83,0.00,0.00,294.96,0.00,0.00,0.00,0.00,0.00,-49.47,0.00,0.00,75.20,0.00,0.00,95.12,-158.43,-5.00,0.00,-75.69,5.00,0.00,0.00
24637171,Roanoke,2324,VA100390,2025-10-13,2025-10-19,USD,3698.31,328.34,448.36,0.00,0.00,138.16,0.00,70.88,18.81,-24.99,3355.46,3349.28,18.81,3330.47,0.00,3529.92,23.18,112.42,24.99,0.00,0.00,0.00,0.00,0.00,0.00,0.00,0.00,0.00,0.00,0.00,-30.98,0.00,0.00,54.76,0.00,0.00,70.88,-112.42,-23.18,0.00,-76.74,23.18,0.00,-24.99
24671402,International Pkwy,2324,TX100327,2025-10-13,2025-10-19,USD,3348.02,261.77,306.04,6.13,0.00,152.62,0.00,68.48,49.56,-20.00,2973.23,3002.79,49.56,2953.23,0.00,3173.31,0.00,120.13,20.00,0.00,0.00,0.00,0.00,0.00,0.00,0.00,0.00,0.00,0.00,0.00,-34.58,0.00,0.00,66.14,0.00,0.00,68.48,-120.13,0.00,0.00,-122.46,0.00,0.00,-20.00
24717004,Sumneytown Pike,2324,PA100251,2025-10-13,2025-10-19,USD,5369.17,0.00,345.35,0.00,0.00,163.36,0.00,165.26,51.34,-80.00,4701.13,4672.47,51.34,4621.13,322.21,5369.17,10.00,126.73,80.00,0.00,0.00,0.00,0.00,0.00,0.00,0.00,0.00,0.00,0.00,0.00,-86.44,0.00,0.00,144.81,0.00,0.00,165.26,-126.73,-10.00,0.00,-78.63,10.00,0.00,-80.00
24851842,Cranberry Township,2324,PA100330,2025-10-14,2025-10-19,USD,4772.35,0.00,393.48,0.00,0.00,383.00,0.00,107.22,11.54,-14.99,3878.00,3874.55,11.54,3863.01,286.55,4772.35,3.62,340.43,14.99,0.00,0.00,0.00,0.00,0.00,0.00,0.00,0.00,0.00,0.00,0.00,-90.44,0.00,0.00,99.11,0.00,0.00,107.22,-340.43,-3.62,0.00,-66.57,3.62,0.00,-14.99
24891803,Roby Dr - Hammond,2324,IN170,2025-10-13,2025-10-19,USD,3053.29,0.00,134.30,0.00,0.00,42.72,0.00,46.01,0.00,-45.99,2727.62,2681.93,0.30,2681.63,231.71,2899.76,0.00,34.80,45.99,0.00,0.00,0.00,0.00,0.00,0.00,0.00,0.00,0.00,0.00,0.00,-72.74,0.00,0.00,97.92,0.00,0.00,46.01,-34.80,0.00,0.00,-31.92,0.00,0.00,-45.99
24892240,Olympia Ave-Tulsa,2324,OK100234,2025-10-13,2025-10-19,USD,4601.74,0.00,460.47,0.00,0.00,183.52,0.00,83.84,25.68,-12.47,3844.90,3873.91,41.48,3832.43,372.40,4372.02,0.00,147.88,32.88,0.00,0.00,0.00,0.00,0.00,0.00,0.00,0.00,0.00,0.00,0.00,-48.96,0.00,0.00,86.05,0.00,0.00,83.84,-147.88,0.00,0.00,-71.64,0.00,0.00,-12.47
24892677,Barnes Road,2324,CO100410,2025-10-13,2025-10-19,USD,3598.97,0.00,343.89,0.00,0.00,115.73,0.00,66.51,9.80,-30.00,3007.13,2986.93,9.80,2977.13,274.17,3365.59,17.99,93.95,30.00,0.00,0.00,0.00,0.00,0.00,0.00,0.00,0.00,0.00,0.00,0.00,-94.43,0.00,0.00,73.50,0.00,0.00,66.51,-93.95,-17.99,0.00,-42.78,17.99,0.00,-30.00
24898774,The Old Road,2324,CA100205,2025-10-13,2025-10-19,USD,3674.90,331.08,252.98,0.00,0.00,186.08,0.00,92.26,0.00,-37.99,3464.48,3426.79,0.30,3426.49,0.00,3395.16,0.00,154.40,37.99,0.00,33.89,136.79,0.00,0.00,203.13,0.00,0.00,0.00,0.00,0.00,-87.35,0.00,0.00,89.35,0.00,0.00,92.26,-154.40,0.00,0.00,-49.68,0.00,0.00,-37.99
24968543,17th St Ammon,2324,ID100423,2025-10-13,2025-10-19,USD,3737.72,0.00,352.95,0.00,0.00,116.52,0.00,40.40,12.99,-2.00,3137.53,3148.52,12.99,3135.53,214.66,3573.73,16.28,94.74,2.00,0.00,0.00,0.00,0.00,0.00,0.00,0.00,0.00,0.00,0.00,0.00,-50.97,0.00,0.00,71.16,0.00,0.00,40.40,-94.74,-16.28,0.00,-57.78,16.28,0.00,-2.00
24976449,Northdale Blvd,2324,FL100383,2025-10-13,2025-10-19,USD,3302.83,0.00,273.53,0.00,0.00,206.24,0.00,74.69,0.00,-14.98,2699.63,2684.95,0.30,2684.65,227.21,3029.35,10.22,177.53,14.98,0.00,0.00,0.00,0.00,0.00,0.00,0.00,0.00,0.00,0.00,0.00,-70.75,0.00,0.00,76.37,0.00,0.00,74.69,-177.53,-10.22,0.00,-79.71,10.22,0.00,-14.98
25380836,Waialae Ave,2324,HI100392,2025-10-13,2025-10-19,USD,10640.97,0.00,680.65,0.00,0.00,382.92,0.00,304.75,0.00,-141.98,9361.81,9219.83,0.00,9219.83,468.15,9935.60,11.00,291.84,141.98,0.00,0.00,0.00,0.00,0.00,0.00,0.00,0.00,0.00,0.00,0.00,-260.55,0.00,0.00,259.79,0.00,0.00,304.75,-291.84,-11.00,0.00,-91.08,11.00,0.00,-141.98
26015022,Raccoon Rd,2324,OH100419,2025-10-13,2025-10-19,USD,6522.34,0.00,350.65,0.00,0.00,119.84,0.00,152.65,0.00,-26.00,5764.63,5738.63,0.00,5738.63,1.98,6239.18,0.00,98.06,26.00,0.00,0.00,0.00,0.00,0.00,0.00,0.00,0.00,0.00,0.00,0.00,-159.10,0.00,0.00,172.73,0.00,0.00,152.65,-98.06,0.00,0.00,-129.82,0.00,0.00,-26.00
26034424,Cortez Rd  West,2324,FL100404,2025-10-13,2025-10-19,USD,4053.69,0.00,372.38,0.00,0.00,266.40,0.00,119.28,34.86,-26.99,3306.75,3314.62,34.86,3279.76,258.99,3699.00,35.02,224.82,26.99,0.00,0.00,0.00,0.00,0.00,0.00,0.00,0.00,0.00,0.00,0.00,-70.85,0.00,0.00,79.73,0.00,0.00,119.28,-224.82,-35.02,0.00,-83.58,35.02,0.00,-26.99
26234909,Bidwell - Folsom,2324,CA100403,2025-10-13,2025-10-19,USD,4829.70,326.29,538.06,0.00,0.00,581.70,0.00,74.40,0.00,-12.00,3888.52,3876.52,0.00,3876.52,0.00,4210.03,2.99,508.44,12.00,0.00,62.88,238.57,0.00,0.00,358.13,0.00,0.00,0.00,0.00,0.00,-99.23,0.00,0.00,65.88,0.00,0.00,74.40,-508.44,-2.99,0.00,-130.26,2.99,0.00,-12.00
27476315,Sierra Hwy,2324,CA100455,2025-10-13,2025-10-19,USD,2253.78,201.76,229.15,0.00,0.00,146.06,0.00,53.40,0.00,-30.00,2049.72,2019.72,0.00,2019.72,0.00,2069.51,0.00,123.29,30.00,0.00,13.44,104.33,0.00,0.00,142.69,0.00,0.00,0.00,0.00,0.00,-30.98,0.00,0.00,41.03,0.00,0.00,53.40,-123.29,0.00,0.00,-34.77,0.00,0.00,-30.00
27558470,Interquest Parkway,2324,CO100389,2025-10-13,2025-10-19,USD,2557.81,0.00,175.39,0.00,0.00,84.95,0.00,51.80,0.00,-17.98,2174.87,2156.89,0.00,2156.89,226.41,2376.49,8.00,70.10,17.98,0.00,0.00,0.00,0.00,0.00,0.00,0.00,0.00,0.00,0.00,0.00,-85.24,0.00,0.00,65.16,0.00,0.00,51.80,-70.10,-8.00,0.00,-38.85,8.00,0.00,-17.98
27677423,Park Road Center,2324,NC100407,2025-10-13,2025-10-19,USD,5217.15,0.00,505.19,0.00,0.00,219.22,0.00,99.37,55.48,-17.98,4261.64,4299.14,55.48,4243.66,400.69,4871.01,12.64,178.63,17.98,0.00,0.00,0.00,0.00,0.00,0.00,0.00,0.00,0.00,0.00,0.00,-149.38,0.00,0.00,101.61,0.00,0.00,99.37,-178.63,-12.64,0.00,-64.59,12.64,0.00,-17.98
27685318,Hwy 72 - Madison,2324,AL100443,2025-10-13,2025-10-19,USD,6074.97,174.45,548.96,0.00,0.00,149.84,0.00,112.96,0.00,-35.00,5393.03,5358.03,0.00,5358.03,479.74,5820.90,23.00,122.12,35.00,0.00,0.00,0.00,0.00,0.00,0.00,0.00,0.00,0.00,0.00,0.00,-73.95,0.00,0.00,133.60,0.00,0.00,112.96,-122.12,-23.00,0.00,-90.72,23.00,0.00,-35.00
27715447,Manchester Rd,2324,MO100412,2025-10-13,2025-10-19,USD,8636.92,894.34,693.47,0.00,0.00,365.93,0.00,138.72,0.00,-102.54,8174.57,8072.03,0.00,8072.03,0.00,7957.95,34.86,320.39,108.88,0.00,0.00,0.00,0.00,0.00,0.00,0.00,0.00,0.00,0.00,0.00,-214.84,0.00,0.00,194.17,0.00,0.00,138.72,-320.39,-34.86,0.00,-72.54,34.86,0.00,-102.54
27815740,E Robindale Road,2324,NV900478,2025-10-13,2025-10-19,USD,2471.15,0.00,223.87,0.00,0.00,66.68,0.00,60.68,0.00,-10.20,2164.93,2154.73,0.00,2154.73,196.30,2379.77,8.00,55.79,24.59,0.00,0.00,0.00,0.00,0.00,0.00,0.00,0.00,0.00,0.00,0.00,-3.00,0.00,0.00,55.35,0.00,0.00,60.68,-55.79,-8.00,0.00,-28.89,8.00,0.00,-10.20
27829895,Broadway - Tucson,2324,AZ900482,2025-10-13,2025-10-19,USD,5225.94,427.07,619.48,0.00,0.00,214.91,0.00,130.98,40.75,-31.32,4691.70,4701.13,40.75,4660.38,0.00,4908.70,6.11,175.31,52.00,0.00,0.00,0.00,0.00,0.00,0.00,0.00,0.00,0.00,0.00,0.00,-89.93,0.00,0.00,79.22,0.00,0.00,130.98,-175.31,-6.11,0.00,-87.60,6.11,0.00,-31.32
27918503,Plank Rd,2324,VA100355,2025-10-13,2025-10-19,USD,2618.42,275.03,289.66,0.00,0.00,118.07,0.00,43.48,6.30,-32.99,2383.44,2356.75,6.30,2350.45,0.00,2434.18,12.59,96.29,32.99,0.00,0.00,0.00,0.00,0.00,0.00,0.00,0.00,0.00,0.00,0.00,-54.96,0.00,0.00,42.50,0.00,0.00,43.48,-96.29,-12.59,0.00,-63.78,12.59,0.00,-32.99
28834163,North Haven Ave,2324,Capriotti's CA425,2025-10-13,2025-10-19,USD,4398.30,351.32,373.37,0.00,0.00,150.09,0.00,122.93,0.00,-53.51,4002.45,3948.94,0.00,3948.94,0.00,4015.57,39.60,122.37,53.51,0.00,43.31,185.87,0.00,0.00,222.44,0.00,0.00,0.00,0.00,0.00,-206.85,0.00,0.00,94.79,0.00,0.00,122.93,-122.37,-39.60,0.00,-72.72,39.60,0.00,-53.51
29652192,Murrieta Hot Springs Rd,2324,336,2025-10-13,2025-10-19,USD,5789.75,475.13,584.07,0.00,0.00,262.07,0.00,121.69,11.89,-42.53,5286.02,5255.38,11.89,5243.49,0.00,5430.19,15.00,209.60,42.53,0.00,71.27,289.24,0.00,0.00,428.05,0.00,0.00,0.00,0.00,0.00,-107.43,0.00,0.00,102.09,0.00,0.00,121.69,-209.60,-15.00,0.00,-85.47,15.00,0.00,-42.53
29652227,Catclaw - Abilene,2324,444,2025-10-13,2025-10-19,USD,6294.83,484.88,608.53,12.03,0.00,330.97,0.00,51.86,0.00,-67.75,5601.29,5533.84,0.30,5533.54,0.00,5876.59,2.99,273.55,67.75,0.00,0.00,0.00,0.00,0.00,0.00,0.00,0.00,0.00,0.00,0.00,-76.94,0.00,0.00,117.81,0.00,0.00,51.86,-273.55,-2.99,0.00,-141.42,2.99,0.00,-67.75
29894178,University Dr,2324,380,2025-10-13,2025-10-19,USD,2243.25,166.02,250.12,4.99,0.00,172.20,0.00,26.27,3.19,-20.00,1842.84,1826.03,3.19,1822.84,0.00,2011.73,32.99,137.55,20.00,0.00,0.00,0.00,0.00,0.00,0.00,0.00,0.00,0.00,0.00,0.00,-43.97,0.00,0.00,35.11,0.00,0.00,26.27,-137.55,-32.99,0.00,-117.77,32.99,0.00,-20.00
31345439,Sunrise Blvd,2324,CA-100377,2025-10-13,2025-10-19,USD,5193.78,399.33,491.77,0.00,0.00,456.45,0.00,109.58,3.71,-59.31,4452.23,4396.63,3.71,4392.92,0.00,4563.62,50.00,394.08,59.31,0.00,34.89,210.53,0.00,0.00,255.40,0.00,0.00,0.00,0.00,0.00,-176.77,0.00,0.00,82.76,0.00,0.00,109.58,-394.08,-50.00,0.00,-101.37,50.00,0.00,-59.31
31345441,Magnolia Ave,2324,CA100453,2025-10-13,2025-10-19,USD,2413.73,197.51,261.92,0.00,0.00,98.02,0.00,24.52,26.96,-57.98,2160.37,2129.35,26.96,2102.39,0.00,2257.58,0.00,81.19,57.98,0.00,31.43,114.16,0.00,0.00,157.54,0.00,0.00,0.00,0.00,0.00,-16.98,0.00,0.00,38.51,0.00,0.00,24.52,-81.19,0.00,0.00,-49.83,0.00,0.00,-57.98
32118309,Princeton,2324,NJ100463,2025-10-13,2025-10-19,USD,1655.17,100.58,127.50,0.00,0.00,40.14,0.00,45.51,137.78,-77.52,1420.78,1481.34,138.08,1343.26,0.00,1518.43,5.00,30.24,77.52,0.00,0.00,0.00,0.00,0.00,0.00,0.00,0.00,0.00,0.00,0.00,-28.98,0.00,0.00,37.08,0.00,0.00,45.51,-30.24,-5.00,0.00,-18.90,5.00,0.00,-77.52
32849799,Sunset and Sandhill,2324,486,2025-10-13,2025-10-19,USD,2773.86,0.00,133.55,0.00,0.00,40.83,0.00,94.65,0.00,-12.00,2577.13,2565.13,0.00,2565.13,225.15,2702.59,3.38,32.91,12.00,0.00,0.00,0.00,0.00,0.00,0.00,0.00,0.00,0.00,0.00,0.00,-22.98,0.00,0.00,82.02,0.00,0.00,94.65,-32.91,-3.38,0.00,-19.92,3.38,0.00,-12.00
32864869,Rancho Mirage,2324,451,2025-10-13,2025-10-19,USD,4243.87,311.42,243.90,0.00,0.00,112.97,0.00,88.44,0.00,-34.00,4049.19,4015.19,0.00,4015.19,0.00,4023.22,0.00,90.20,34.00,0.00,43.39,139.71,0.00,0.00,167.93,0.00,0.00,0.00,0.00,0.00,-101.45,0.00,0.00,121.22,0.00,0.00,88.44,-90.20,0.00,0.00,-37.77,0.00,0.00,-34.00
33476901,Los Altos,2324,467,2025-10-13,2025-10-19,USD,10188.78,0.00,865.73,0.00,0.00,222.00,0.00,343.05,50.86,-51.56,8921.25,8920.55,50.86,8869.69,801.18,9752.87,51.04,180.42,51.56,0.00,0.00,0.00,0.00,0.00,0.00,0.00,0.00,0.00,0.00,0.00,-155.88,0.00,0.00,226.11,0.00,0.00,343.05,-180.42,-51.04,0.00,-131.58,51.04,0.00,-51.56
33551695,Highbrook Way,2324,ID-490,2025-10-13,2025-10-19,USD,5661.28,0.00,493.25,0.00,0.00,210.28,0.00,141.66,0.00,-73.99,4821.29,4747.30,0.00,4747.30,317.48,5284.71,8.01,172.66,73.99,0.00,0.00,0.00,0.00,0.00,0.00,0.00,0.00,0.00,0.00,0.00,-121.91,0.00,0.00,117.21,0.00,0.00,141.66,-172.66,-8.01,0.00,-76.62,8.01,0.00,-73.99
33699763,Downingtown,2324,PA100505,2025-10-13,2025-10-19,USD,6568.61,0.00,503.08,0.00,0.00,257.06,0.00,152.93,21.49,-44.85,5586.82,5563.46,21.49,5541.97,393.83,6568.61,17.68,201.62,50.99,0.00,0.00,0.00,0.00,0.00,0.00,0.00,0.00,0.00,0.00,0.00,-64.94,0.00,0.00,151.07,0.00,0.00,152.93,-201.62,-17.68,0.00,-192.52,17.68,0.00,-44.85
34043935,Niles Cortland Rd SE,2324,OH100469,2025-10-13,2025-10-19,USD,8252.97,0.00,799.23,0.00,0.00,486.38,0.00,202.15,52.16,-24.01,6469.80,6497.95,52.16,6445.79,3.32,7628.80,19.89,425.99,36.00,0.00,0.00,0.00,0.00,0.00,0.00,0.00,0.00,0.00,0.00,0.00,-145.28,0.00,0.00,143.87,0.00,0.00,202.15,-425.99,-19.89,0.00,-418.79,19.89,0.00,-24.01
34048823,Chicago River West,2324,CK Chicago River West,2025-10-13,2025-10-19,USD,7789.85,0.00,1323.44,0.00,0.00,386.08,0.00,10.00,60.07,168.30,4773.20,5001.57,60.07,4941.50,868.20,7378.58,49.95,324.70,10.00,0.00,0.00,0.00,0.00,0.00,0.00,0.00,0.00,0.00,0.00,0.00,-41.57,0.00,0.00,32.67,0.00,0.00,10.00,-324.70,-49.95,0.00,-1244.20,49.95,0.00,168.30
34051357,Whitesburg Dr (Medical District),2324,AL482,2025-10-13,2025-10-19,USD,6502.26,0.00,563.99,0.00,0.00,32.10,0.00,140.71,24.10,37.84,5638.52,5700.46,24.10,5676.36,500.25,6252.22,42.99,25.17,12.00,0.00,0.00,0.00,0.00,0.00,0.00,0.00,0.00,0.00,0.00,0.00,-172.87,0.00,0.00,148.39,0.00,0.00,140.71,-25.17,-42.99,0.00,-69.93,42.99,0.00,37.84
34052609,Elm St,2324,CT116501,2025-10-13,2025-10-19,USD,3560.48,0.00,358.62,0.00,0.00,22.89,0.00,97.25,28.98,-16.00,3054.55,3067.53,28.98,3038.55,252.86,3441.10,15.19,17.94,16.00,0.00,0.00,0.00,0.00,0.00,0.00,0.00,0.00,0.00,0.00,0.00,-70.25,0.00,0.00,71.44,0.00,0.00,97.25,-17.94,-15.19,0.00,-55.95,15.19,0.00,-16.00
34326515,Post Falls,2324,ID100461,2025-10-13,2025-10-19,USD,4482.25,0.00,398.92,0.00,0.00,57.33,0.00,164.38,0.00,-38.99,3976.55,3937.56,0.00,3937.56,259.21,4314.87,0.00,45.45,38.99,0.00,0.00,0.00,0.00,0.00,0.00,0.00,0.00,0.00,0.00,0.00,-82.94,0.00,0.00,94.89,0.00,0.00,164.38,-45.45,0.00,0.00,-47.88,0.00,0.00,-38.99
34494893,Main Street - Anoka,2324,MN100477,2025-10-13,2025-10-19,USD,7466.96,0.00,553.97,0.00,0.00,78.53,0.00,168.63,46.96,-73.25,6488.42,6462.73,47.56,6415.17,575.52,7083.15,30.00,62.69,73.25,0.00,0.00,0.00,0.00,0.00,0.00,0.00,0.00,0.00,0.00,0.00,-222.87,0.00,0.00,190.84,0.00,0.00,168.63,-62.69,-30.00,0.00,-69.84,30.00,0.00,-73.25
34516256,Riverwind Dr,2324,MS100495,2025-10-13,2025-10-19,USD,3927.48,358.46,435.66,0.00,0.00,141.61,0.00,31.48,4.95,-22.99,3380.16,3362.12,4.95,3357.17,0.00,3582.02,16.85,118.84,22.99,0.00,0.00,0.00,0.00,0.00,0.00,0.00,0.00,0.00,0.00,0.00,-203.63,0.00,0.00,64.41,0.00,0.00,31.48,-118.84,-16.85,0.00,-109.77,16.85,0.00,-22.99
34516355,Frisco,2324,TX100379,2025-10-13,2025-10-19,USD,3052.12,232.20,307.25,6.31,0.00,122.42,0.00,41.24,25.26,0.00,2528.95,2554.21,25.26,2528.95,0.00,2814.14,0.00,95.69,0.00,0.00,0.00,0.00,0.00,0.00,0.00,0.00,0.00,0.00,0.00,0.00,-155.28,0.00,0.00,54.43,0.00,0.00,41.24,-95.69,0.00,0.00,-152.39,0.00,0.00,0.00
34618595,Regional Justice Ctr.,2324,NV077,2025-10-13,2025-10-17,USD,761.03,0.00,0.00,0.00,0.00,0.00,0.00,49.97,22.98,116.08,729.17,868.23,22.98,845.25,60.78,729.06,0.00,0.00,7.99,0.00,0.00,0.00,0.00,0.00,0.00,0.00,0.00,0.00,0.00,0.00,-23.98,0.00,0.00,34.87,0.00,0.00,49.97,0.00,0.00,0.00,0.00,0.00,0.00,116.08
34776698,"Lewes, DE",2324,Lewes27,2025-10-13,2025-10-19,USD,7531.59,0.00,519.34,0.00,0.00,55.04,0.00,287.70,2.77,-40.00,6929.22,6891.99,2.77,6889.22,0.00,7395.97,30.87,43.16,40.00,0.00,0.00,0.00,0.00,0.00,0.00,0.00,0.00,0.00,0.00,0.00,-52.46,0.00,0.00,194.46,0.00,0.00,287.70,-43.16,-30.87,0.00,-77.88,30.87,0.00,-40.00
35060561,Bridge St,2324,"Elkton, MD",2025-10-13,2025-10-19,USD,5008.70,290.86,352.97,0.00,0.00,59.16,0.00,185.40,0.00,-51.99,4850.59,4798.90,0.30,4798.60,0.00,4840.48,6.73,46.29,51.99,0.00,0.00,0.00,0.00,0.00,0.00,0.00,0.00,0.00,0.00,0.00,-69.94,0.00,0.00,128.30,0.00,0.00,185.40,-46.29,-6.73,0.00,-36.87,6.73,0.00,-51.99
35211042,"Marlton, NJ",2324,"Marlton, NJ",2025-10-13,2025-10-19,USD,5369.59,352.77,323.16,0.00,0.00,56.58,0.00,108.77,57.11,0.00,5231.53,5288.64,57.11,5231.53,0.00,5326.87,38.64,42.72,0.00,0.00,0.00,0.00,0.00,0.00,0.00,0.00,0.00,0.00,0.00,0.00,0.00,0.00,0.00,156.75,0.00,0.00,108.77,-42.72,-38.64,0.00,-19.86,38.64,0.00,0.00
